{
  "rank": 0,
  "current_epoch": 50,
  "current_iteration": 100,
  "total_epochs": 50,
  "total_iterations": 2,
  "epoch": 50,
  "start_ts": 1687792763,
  "total_time": "0:02:14",
  "best_metric": 0.9597548246383667,
  "train": {
    "metrics": {
      "train_mean_dice": 0.9280101656913757,
      "train_GTV_mean_dice": 0.9280101656913757
    },
    "key_metric_name": "train_mean_dice",
    "best_metric": 0.9597548246383667,
    "best_metric_epoch": 38
  }
}